key,enabled,identity,password,username
user-account-consumer-01,true,"UserIdentity{name: 'Peter', surname: 'Consumer', email: 'peter@acme.com'}",consumer1,consumer1
user-account-consumer-02,true,"UserIdentity{name: 'Mary', surname: '貸んい建濯よ芝弾テソ Λορεμ ιπσθμ', email: 'mary@acme.com'}",consumer2,consumer2
user-account-consumer-03,true,"UserIdentity{name: 'Manolo', surname: '之乎路可良 ᏥᏲᏎᎭ', email: 'manolo@acme.com'}",consumer3,consumer3
user-account-provider-01,true,"UserIdentity{name: 'Laurel', surname: 'Provider', email: 'laurel@acme.com'}",provider1,provider1
user-account-provider-02,true,"UserIdentity{name: 'Martina', surname: 'коза თხა', email: 'martina@acme.com'}",provider2,provider2
user-account-provider-03,true,"UserIdentity{name: 'Antonia', surname: 'אבטיח Æløzå', email: 'antonia@acme.com'}",provider3,provider3
user-account-airline-manager-01,true,"UserIdentity{name: 'Alberto', surname: 'Escobar', email: 'manager1@acme.com'}",manager1,manager1
user-account-airline-manager-02,true,"UserIdentity{name: 'Andrés', surname: 'Escobar', email: 'manager2@acme.com'}",manager2,manager2
user-account-airline-manager-03,true,"UserIdentity{name: 'Anabel', surname: 'Escobar', email: 'manager3@acme.com'}",manager3,manager3
user-account-flight-crew-member-01,true,"UserIdentity{name: 'Juan', surname: 'Gomez', email: 'member1@acme.com'}",member1,member1
user-account-flight-crew-member-02,true,"UserIdentity{name: 'Antonio', surname: 'Lucena', email: 'member2@acme.com'}",member2,member2
user-account-flight-crew-member-03,true,"UserIdentity{name: 'Manuel', surname: 'Montoya', email: 'member3@acme.com'}",member3,member3
user-account-flight-crew-member-04,true,"UserIdentity{name: 'Fran', surname: 'Sanchez', email: 'member4@acme.com'}",member4,member4
user-account-flight-crew-member-05,true,"UserIdentity{name: 'Pablo', surname: 'Garcia', email: 'member5@acme.com'}",member5,member5
user-account-customer-01,true,"UserIdentity{name: 'Natalia', surname: 'Sanchez', email: 'customer1@acme.com'}",customer1,customer1
user-account-customer-02,true,"UserIdentity{name: 'Emma', surname: 'Cabello', email: 'customer2@acme.com'}",customer2,customer2
user-account-customer-03,true,"UserIdentity{name: 'Jesus', surname: 'Martin', email: 'customer3@acme.com'}",customer3,customer3

user-account-assistanceAgent-00,true,"UserIdentity{name: 'Isabel', surname: 'Romero', email: 'agent0@acme.com'}",agent0,agent0
user-account-assistanceAgent-01,true,"UserIdentity{name: 'Mario', surname: 'Coronel', email: 'agent1@acme.com'}",agent1,agent1
user-account-assistanceAgent-02,true,"UserIdentity{name: 'Luis', surname: 'Martín', email: 'agent2@acme.com'}",agent2,agent2
user-account-assistanceAgent-03,true,"UserIdentity{name: 'Antonio', surname: 'Regidor', email: 'agent3@acme.com'}",agent3,agent3
user-account-assistanceAgent-04,true,"UserIdentity{name: 'Nombre4', surname: 'Apellido4', email: 'agent4@acme.com'}",agent4,agent4
user-account-assistanceAgent-05,true,"UserIdentity{name: 'Nombre5', surname: 'Apellido5', email: 'agent5@acme.com'}",agent5,agent5
user-account-assistanceAgent-06,true,"UserIdentity{name: 'Nombre6', surname: 'Apellido6', email: 'agent6@acme.com'}",agent6,agent6
user-account-assistanceAgent-07,true,"UserIdentity{name: 'Nombre7', surname: 'Apellido7', email: 'agent7@acme.com'}",agent7,agent7
user-account-assistanceAgent-08,true,"UserIdentity{name: 'Nombre8', surname: 'Apellido8', email: 'agent8@acme.com'}",agent8,agent8
user-account-assistanceAgent-09,true,"UserIdentity{name: 'Nombre9', surname: 'Apellido9', email: 'agent9@acme.com'}",agent9,agent9
user-account-assistanceAgent-10,true,"UserIdentity{name: 'Nombre10', surname: 'Apellido10', email: 'agent10@acme.com'}",agent10,agent10
user-account-assistanceAgent-11,true,"UserIdentity{name: 'Nombre11', surname: 'Apellido11', email: 'agent11@acme.com'}",agent11,agent11
user-account-assistanceAgent-12,true,"UserIdentity{name: 'Nombre12', surname: 'Apellido12', email: 'agent12@acme.com'}",agent12,agent12
user-account-assistanceAgent-13,true,"UserIdentity{name: 'Nombre13', surname: 'Apellido13', email: 'agent13@acme.com'}",agent13,agent13
user-account-assistanceAgent-14,true,"UserIdentity{name: 'Nombre14', surname: 'Apellido14', email: 'agent14@acme.com'}",agent14,agent14
user-account-assistanceAgent-15,true,"UserIdentity{name: 'Nombre15', surname: 'Apellido15', email: 'agent15@acme.com'}",agent15,agent15
user-account-assistanceAgent-16,true,"UserIdentity{name: 'Nombre16', surname: 'Apellido16', email: 'agent16@acme.com'}",agent16,agent16
user-account-assistanceAgent-17,true,"UserIdentity{name: 'Nombre17', surname: 'Apellido17', email: 'agent17@acme.com'}",agent17,agent17
user-account-assistanceAgent-18,true,"UserIdentity{name: 'Nombre18', surname: 'Apellido18', email: 'agent18@acme.com'}",agent18,agent18
user-account-assistanceAgent-19,true,"UserIdentity{name: 'Nombre19', surname: 'Apellido19', email: 'agent19@acme.com'}",agent19,agent19
user-account-assistanceAgent-20,true,"UserIdentity{name: 'Nombre20', surname: 'Apellido20', email: 'agent20@acme.com'}",agent20,agent20
user-account-assistanceAgent-21,true,"UserIdentity{name: 'Nombre21', surname: 'Apellido21', email: 'agent21@acme.com'}",agent21,agent21
user-account-assistanceAgent-22,true,"UserIdentity{name: 'Nombre22', surname: 'Apellido22', email: 'agent22@acme.com'}",agent22,agent22
user-account-assistanceAgent-23,true,"UserIdentity{name: 'Nombre23', surname: 'Apellido23', email: 'agent23@acme.com'}",agent23,agent23
user-account-assistanceAgent-24,true,"UserIdentity{name: 'Nombre24', surname: 'Apellido24', email: 'agent24@acme.com'}",agent24,agent24
user-account-assistanceAgent-25,true,"UserIdentity{name: 'Nombre25', surname: 'Apellido25', email: 'agent25@acme.com'}",agent25,agent25
user-account-assistanceAgent-26,true,"UserIdentity{name: 'Nombre26', surname: 'Apellido26', email: 'agent26@acme.com'}",agent26,agent26
user-account-assistanceAgent-27,true,"UserIdentity{name: 'Nombre27', surname: 'Apellido27', email: 'agent27@acme.com'}",agent27,agent27
user-account-assistanceAgent-28,true,"UserIdentity{name: 'Nombre28', surname: 'Apellido28', email: 'agent28@acme.com'}",agent28,agent28
user-account-assistanceAgent-29,true,"UserIdentity{name: 'Nombre29', surname: 'Apellido29', email: 'agent29@acme.com'}",agent29,agent29
user-account-assistanceAgent-30,true,"UserIdentity{name: 'Nombre30', surname: 'Apellido30', email: 'agent30@acme.com'}",agent30,agent30
user-account-assistanceAgent-31,true,"UserIdentity{name: 'Nombre31', surname: 'Apellido31', email: 'agent31@acme.com'}",agent31,agent31
user-account-assistanceAgent-32,true,"UserIdentity{name: 'Nombre32', surname: 'Apellido32', email: 'agent32@acme.com'}",agent32,agent32
user-account-assistanceAgent-33,true,"UserIdentity{name: 'Nombre33', surname: 'Apellido33', email: 'agent33@acme.com'}",agent33,agent33
user-account-assistanceAgent-34,true,"UserIdentity{name: 'Nombre34', surname: 'Apellido34', email: 'agent34@acme.com'}",agent34,agent34
user-account-assistanceAgent-35,true,"UserIdentity{name: 'Nombre35', surname: 'Apellido35', email: 'agent35@acme.com'}",agent35,agent35
user-account-assistanceAgent-36,true,"UserIdentity{name: 'Nombre36', surname: 'Apellido36', email: 'agent36@acme.com'}",agent36,agent36
user-account-assistanceAgent-37,true,"UserIdentity{name: 'Nombre37', surname: 'Apellido37', email: 'agent37@acme.com'}",agent37,agent37
user-account-assistanceAgent-38,true,"UserIdentity{name: 'Nombre38', surname: 'Apellido38', email: 'agent38@acme.com'}",agent38,agent38
user-account-assistanceAgent-39,true,"UserIdentity{name: 'Nombre39', surname: 'Apellido39', email: 'agent39@acme.com'}",agent39,agent39
user-account-assistanceAgent-40,true,"UserIdentity{name: 'Nombre40', surname: 'Apellido40', email: 'agent40@acme.com'}",agent40,agent40

